Cereals-and-bakery-products,"Meats,-poultry,-fish,-and-eggs",Dairy-and-related-products,Fruits-and-vegetables,Other-food-at-home,Date
79.7,90.4,87.3,76.5,83.0,1980-01-01
80.6,89.7,87.8,76.0,84.3,1980-02-01
81.2,90.3,88.1,77.4,85.5,1980-03-01
82.4,89.3,88.9,80.2,86.4,1980-04-01
83.2,88.0,90.5,82.1,87.3,1980-05-01
83.7,87.8,90.9,83.3,88.4,1980-06-01
84.4,89.9,91.4,84.5,89.1,1980-07-01
84.8,93.2,91.9,86.0,90.1,1980-08-01
85.2,95.7,92.2,85.7,90.5,1980-09-01
86.4,96.0,93.1,84.6,91.2,1980-10-01
87.1,96.8,94.1,84.3,92.2,1980-11-01
88.0,97.1,95.2,85.1,92.8,1980-12-01
89.5,96.9,96.0,85.8,93.8,1981-01-01
90.3,95.9,96.8,89.0,94.6,1981-02-01
90.8,95.2,97.0,92.6,94.9,1981-03-01
91.3,94.1,97.4,93.9,95.1,1981-04-01
91.9,93.8,97.5,92.2,94.8,1981-05-01
92.4,94.5,97.5,92.6,94.7,1981-06-01
92.7,96.5,97.7,94.7,94.7,1981-07-01
92.8,97.2,97.5,95.3,95.2,1981-08-01
93.4,97.9,97.7,93.8,95.4,1981-09-01
93.6,97.4,97.8,91.6,95.6,1981-10-01
94.1,96.6,98.0,90.6,95.4,1981-11-01
94.5,96.4,98.2,92.0,95.3,1981-12-01
95.3,96.4,98.3,98.1,96.2,1982-01-01
95.6,97.6,98.6,100.4,96.8,1982-02-01
95.8,97.6,98.6,97.6,97.1,1982-03-01
95.9,98.1,99.0,97.9,97.1,1982-04-01
96.4,99.2,98.8,99.2,97.4,1982-05-01
96.6,101.1,98.5,101.8,97.4,1982-06-01
96.8,102.0,99.0,99.8,97.3,1982-07-01
97.0,100.8,99.0,97.0,97.6,1982-08-01
96.9,101.7,98.8,94.6,97.7,1982-09-01
97.0,100.7,98.8,93.5,98.0,1982-10-01
97.2,100.1,98.9,91.9,97.9,1982-11-01
97.5,99.4,99.1,92.4,97.7,1982-12-01
98.0,99.9,99.8,92.0,98.7,1983-01-01
98.3,100.3,99.9,92.6,99.0,1983-02-01
98.7,100.4,99.8,95.5,99.3,1983-03-01
99.1,100.4,100.0,98.2,99.3,1983-04-01
99.3,100.2,100.1,99.3,99.3,1983-05-01
99.5,99.4,99.9,99.3,99.2,1983-06-01
100.0,98.9,99.9,99.5,99.2,1983-07-01
100.1,98.3,100.1,99.7,99.3,1983-08-01
100.0,98.3,100.1,99.1,99.7,1983-09-01
100.1,97.7,100.0,98.8,100.3,1983-10-01
100.7,97.5,100.1,96.2,100.5,1983-11-01
101.1,98.5,99.9,97.4,100.6,1983-12-01
102.1,102.2,100.3,103.6,101.5,1984-01-01
102.2,103.7,100.3,106.9,102.0,1984-02-01
102.6,102.4,100.3,107.6,102.4,1984-03-01
103.1,102.8,100.6,105.0,102.8,1984-04-01
103.3,101.3,100.4,103.3,102.7,1984-05-01
103.8,100.3,100.7,105.9,103.1,1984-06-01
104.4,100.5,100.9,106.5,103.4,1984-07-01
104.8,100.9,101.1,109.1,103.6,1984-08-01
104.8,100.5,101.9,106.4,104.0,1984-09-01
105.1,100.1,102.4,106.0,104.3,1984-10-01
105.2,99.7,102.9,104.8,103.9,1984-11-01
105.8,101.0,103.3,103.1,103.8,1984-12-01
106.4,101.3,103.5,106.8,104.8,1985-01-01
106.8,101.4,103.7,110.9,105.3,1985-02-01
107.0,101.1,103.5,110.6,105.5,1985-03-01
107.2,100.1,103.3,110.9,105.6,1985-04-01
107.5,98.7,103.3,110.0,105.8,1985-05-01
108.0,98.7,103.1,109.5,105.6,1985-06-01
108.0,99.0,103.1,109.5,105.6,1985-07-01
108.4,98.7,102.9,108.6,105.9,1985-08-01
108.7,99.0,103.2,106.5,106.2,1985-09-01
108.6,99.2,102.8,105.6,106.3,1985-10-01
108.9,101.1,102.8,104.7,106.0,1985-11-01
109.6,102.5,102.7,107.8,105.8,1985-12-01
109.6,103.2,102.9,111.3,107.1,1986-01-01
109.8,102.0,102.9,106.8,109.8,1986-02-01
109.9,101.7,102.7,106.3,110.0,1986-03-01
109.8,100.4,102.7,109.7,110.1,1986-04-01
110.2,100.1,102.8,112.0,109.7,1986-05-01
111.0,100.7,102.9,109.1,109.5,1986-06-01
111.1,104.4,103.3,110.0,109.4,1986-07-01
111.7,107.5,103.3,110.6,109.5,1986-08-01
111.8,108.2,103.4,109.6,109.4,1986-09-01
111.8,108.2,104.0,109.4,109.6,1986-10-01
111.8,108.8,104.5,109.1,109.5,1986-11-01
112.2,109.1,104.9,109.4,109.0,1986-12-01
112.9,109.9,105.3,114.6,110.9,1987-01-01
113.3,108.8,105.9,118.3,111.3,1987-02-01
113.4,108.9,105.4,117.4,110.8,1987-03-01
114.3,108.6,105.3,120.1,110.6,1987-04-01
114.6,109.6,105.7,121.8,110.5,1987-05-01
114.7,110.4,105.5,124.1,110.2,1987-06-01
115.2,111.4,105.3,119.6,110.0,1987-07-01
115.3,111.9,105.7,117.4,110.4,1987-08-01
115.4,112.7,106.4,117.4,110.3,1987-09-01
115.6,112.0,106.9,117.8,110.6,1987-10-01
116.2,111.2,106.9,117.4,110.2,1987-11-01
116.8,110.3,106.7,123.4,110.0,1987-12-01
118.1,111.0,107.4,126.4,111.3,1988-01-01
118.7,110.6,107.3,124.7,111.8,1988-02-01
118.9,111.2,107.2,123.0,112.0,1988-03-01
119.8,111.5,107.1,126.0,112.1,1988-04-01
120.3,112.1,107.4,127.1,112.3,1988-05-01
120.8,114.6,107.2,126.1,112.4,1988-06-01
122.1,116.5,107.6,129.0,113.1,1988-07-01
124.0,117.3,108.2,129.9,113.6,1988-08-01
124.7,117.4,108.9,133.2,114.0,1988-09-01
125.6,116.8,109.9,131.7,114.8,1988-10-01
125.9,116.4,110.6,129.5,114.9,1988-11-01
126.6,116.1,111.4,131.0,115.3,1988-12-01
127.9,118.5,112.6,134.8,116.6,1989-01-01
128.9,118.2,113.4,137.1,117.8,1989-02-01
129.7,120.5,113.8,135.7,118.1,1989-03-01
130.4,120.6,114.1,138.0,119.0,1989-04-01
131.5,120.7,113.8,142.7,118.9,1989-05-01
132.1,121.4,113.6,140.2,119.2,1989-06-01
133.3,121.6,114.1,140.1,119.7,1989-07-01
134.1,122.3,114.5,138.8,119.7,1989-08-01
134.6,122.9,116.1,136.6,119.7,1989-09-01
135.0,122.4,118.2,137.1,120.3,1989-10-01
135.3,122.8,120.2,137.8,119.9,1989-11-01
136.1,123.8,122.9,136.7,120.1,1989-12-01
136.9,126.8,125.8,153.7,121.3,1990-01-01
137.4,126.7,126.9,157.9,121.9,1990-02-01
137.6,127.9,126.8,153.9,122.2,1990-03-01
138.9,128.2,125.2,149.0,122.2,1990-04-01
139.3,127.8,124.7,147.4,122.6,1990-05-01
140.1,129.9,124.9,147.1,123.1,1990-06-01
140.5,130.4,125.7,149.4,123.5,1990-07-01
141.4,131.1,127.3,146.1,124.3,1990-08-01
141.6,131.9,127.6,145.1,124.5,1990-09-01
141.9,132.5,128.6,144.7,125.3,1990-10-01
141.7,133.2,128.1,146.7,125.0,1990-11-01
142.4,133.6,126.7,146.5,125.2,1990-12-01
144.3,134.7,125.2,156.9,127.0,1991-01-01
144.3,133.3,125.2,154.6,127.4,1991-02-01
144.3,133.9,124.9,155.5,127.2,1991-03-01
145.2,132.9,124.5,162.8,127.6,1991-04-01
145.3,132.6,124.4,163.0,127.3,1991-05-01
145.7,132.4,123.9,166.8,127.2,1991-06-01
145.8,132.4,124.0,158.1,127.0,1991-07-01
146.5,132.6,124.5,150.1,127.4,1991-08-01
146.5,131.8,125.3,150.8,127.2,1991-09-01
146.9,131.5,125.7,147.0,127.7,1991-10-01
147.5,131.3,126.2,151.2,127.0,1991-11-01
147.4,131.6,127.4,152.9,127.1,1991-12-01
148.9,131.1,128.2,154.8,128.6,1992-01-01
149.3,130.2,128.1,156.9,129.2,1992-02-01
149.7,130.7,127.8,161.3,129.0,1992-03-01
150.6,130.3,127.4,162.0,128.6,1992-04-01
150.7,130.0,127.0,155.1,128.9,1992-05-01
151.6,130.2,127.8,151.9,129.2,1992-06-01
152.4,130.1,128.3,149.4,128.7,1992-07-01
153.1,130.8,129.2,153.7,129.1,1992-08-01
152.6,131.5,129.7,155.5,129.0,1992-09-01
152.8,131.5,130.1,153.7,129.2,1992-10-01
152.7,131.8,129.4,154.0,128.2,1992-11-01
153.3,132.1,129.1,156.2,128.3,1992-12-01
153.4,133.5,129.5,160.9,129.4,1993-01-01
154.9,133.2,128.8,159.4,130.3,1993-02-01
154.6,134.5,128.8,159.1,130.2,1993-03-01
155.4,135.6,128.0,160.8,129.9,1993-04-01
156.3,135.1,128.0,164.5,130.5,1993-05-01
156.7,135.3,129.8,154.2,130.3,1993-06-01
157.2,135.4,130.2,152.0,130.6,1993-07-01
157.5,136.0,130.5,154.2,130.6,1993-08-01
157.7,135.8,129.6,157.1,130.4,1993-09-01
158.1,136.6,129.5,158.7,131.4,1993-10-01
157.9,137.3,129.5,160.4,131.0,1993-11-01
158.9,137.1,130.2,166.5,130.9,1993-12-01
160.3,137.8,131.6,169.8,132.2,1994-01-01
161.3,137.4,131.8,161.7,132.5,1994-02-01
160.4,137.9,131.8,162.7,132.6,1994-03-01
162.5,137.6,131.8,161.8,133.0,1994-04-01
162.3,137.1,132.0,163.2,132.8,1994-05-01
163.4,137.2,132.2,161.6,132.9,1994-06-01
163.9,136.7,131.8,164.4,135.7,1994-07-01
164.7,137.1,131.8,162.8,138.9,1994-08-01
164.8,137.3,131.3,163.2,139.4,1994-09-01
164.6,136.8,131.5,162.9,139.5,1994-10-01
163.7,136.9,131.7,165.7,139.0,1994-11-01
164.2,136.4,131.6,180.3,138.8,1994-12-01
164.6,137.3,132.7,180.4,140.3,1995-01-01
165.8,137.6,132.1,177.1,140.6,1995-02-01
165.3,138.4,132.2,174.0,140.7,1995-03-01
166.9,137.7,132.1,183.1,140.9,1995-04-01
166.6,137.3,132.8,181.0,140.8,1995-05-01
167.5,137.1,132.2,177.5,140.6,1995-06-01
168.2,137.3,132.9,176.7,140.7,1995-07-01
168.8,138.7,132.8,174.0,141.3,1995-08-01
168.4,139.5,132.3,178.1,141.1,1995-09-01
169.0,140.8,133.2,177.2,141.2,1995-10-01
169.0,141.7,133.7,175.2,140.5,1995-11-01
169.5,142.0,135.0,177.9,140.5,1995-12-01
171.5,142.8,136.3,181.5,141.8,1996-01-01
172.1,142.4,137.2,177.7,141.9,1996-02-01
172.0,142.6,136.7,183.7,142.4,1996-03-01
173.3,141.8,137.0,188.4,142.8,1996-04-01
173.6,141.2,137.6,184.1,142.9,1996-05-01
174.2,143.1,139.8,183.4,142.9,1996-06-01
174.8,143.9,142.0,184.0,142.9,1996-07-01
175.0,145.6,144.6,182.1,143.2,1996-08-01
174.7,147.2,146.7,183.6,143.6,1996-09-01
175.1,147.9,149.3,185.1,143.9,1996-10-01
175.4,148.9,149.3,186.3,143.4,1996-11-01
175.7,150.0,148.6,187.2,143.6,1996-12-01
176.5,149.6,147.8,187.3,144.8,1997-01-01
176.7,148.8,146.2,187.4,145.4,1997-02-01
176.7,147.8,146.1,189.3,145.5,1997-03-01
176.9,147.7,145.7,186.4,146.9,1997-04-01
176.9,147.7,145.4,186.4,147.1,1997-05-01
178.2,147.9,144.1,183.7,147.8,1997-06-01
178.3,148.2,143.3,184.6,148.6,1997-07-01
178.6,149.1,143.4,187.3,148.7,1997-08-01
178.1,149.1,143.5,188.1,148.9,1997-09-01
178.4,148.9,145.7,188.5,149.0,1997-10-01
178.0,149.3,147.0,189.5,147.7,1997-11-01
178.4,148.4,147.8,191.3,147.7,1997-12-01
179.0,148.3,148.3,202.1,148.7,1998-01-01
179.7,147.5,147.7,193.8,149.1,1998-02-01
179.6,147.2,148.4,196.1,149.5,1998-03-01
180.2,146.3,148.5,197.5,149.6,1998-04-01
180.5,146.2,148.1,203.9,149.3,1998-05-01
181.6,146.3,148.1,198.1,150.4,1998-06-01
181.8,146.9,148.2,198.2,151.1,1998-07-01
182.7,148.2,150.5,195.9,152.1,1998-08-01
181.9,147.5,152.9,193.5,152.2,1998-09-01
182.2,148.0,155.0,199.5,152.7,1998-10-01
182.1,147.9,155.9,198.8,152.7,1998-11-01
182.3,147.3,157.6,200.7,152.4,1998-12-01
184.2,146.4,161.2,208.6,153.0,1999-01-01
183.8,147.0,162.3,200.3,153.3,1999-02-01
183.5,146.8,161.5,199.9,152.9,1999-03-01
184.8,146.7,156.1,203.3,153.6,1999-04-01
185.1,146.7,156.2,207.2,153.4,1999-05-01
185.7,147.2,156.1,203.2,153.6,1999-06-01
186.3,147.3,155.7,202.0,153.7,1999-07-01
184.9,148.5,156.5,202.1,154.2,1999-08-01
185.2,149.2,158.7,202.6,153.9,1999-09-01
185.2,149.2,164.1,202.2,153.7,1999-10-01
184.8,150.5,164.6,201.2,153.0,1999-11-01
185.9,149.8,162.1,204.5,153.3,1999-12-01
185.6,150.2,160.4,208.4,154.3,2000-01-01
186.0,151.3,160.9,203.0,154.4,2000-02-01
186.1,152.4,159.1,201.7,155.1,2000-03-01
187.2,152.9,160.6,201.6,154.0,2000-04-01
188.6,153.9,159.6,204.3,155.4,2000-05-01
187.7,154.9,159.5,199.9,156.2,2000-06-01
189.6,155.8,160.5,201.0,156.6,2000-07-01
189.9,156.8,161.0,202.5,156.9,2000-08-01
188.6,156.9,161.6,204.6,156.7,2000-09-01
190.1,156.8,161.9,206.2,155.8,2000-10-01
189.0,155.5,161.4,207.3,156.0,2000-11-01
190.7,156.6,161.5,215.1,156.3,2000-12-01
191.1,158.0,163.6,212.6,157.8,2001-01-01
191.9,159.5,163.6,211.5,157.9,2001-02-01
191.9,160.1,163.2,211.5,158.6,2001-03-01
192.5,160.7,163.4,213.3,157.6,2001-04-01
193.2,160.8,164.7,213.1,159.6,2001-05-01
194.2,161.7,166.9,211.8,159.5,2001-06-01
194.9,162.3,168.3,210.7,160.4,2001-07-01
195.9,162.4,168.9,208.8,161.0,2001-08-01
195.1,162.4,169.4,212.1,160.2,2001-09-01
195.2,163.5,170.8,213.5,160.9,2001-10-01
194.9,162.7,171.2,212.9,160.3,2001-11-01
195.3,162.0,170.8,214.4,160.9,2001-12-01
196.7,162.1,169.9,224.8,161.3,2002-01-01
197.6,161.8,170.1,223.3,160.4,2002-02-01
197.0,162.8,169.4,225.8,159.9,2002-03-01
198.1,162.5,168.7,223.4,161.5,2002-04-01
198.2,162.4,169.0,221.0,160.0,2002-05-01
198.7,161.9,168.0,217.4,160.8,2002-06-01
198.7,162.3,167.6,217.4,161.0,2002-07-01
198.6,162.2,167.2,217.0,160.6,2002-08-01
198.4,161.8,166.3,218.4,160.8,2002-09-01
198.9,161.3,166.5,217.4,160.9,2002-10-01
198.3,162.1,167.1,219.8,161.1,2002-11-01
197.3,162.4,167.3,224.9,161.1,2002-12-01
199.8,161.6,166.4,227.1,161.8,2003-01-01
201.8,164.7,167.2,223.3,162.2,2003-02-01
202.1,164.8,167.1,223.6,162.6,2003-03-01
201.9,165.2,165.8,221.3,162.1,2003-04-01
203.0,164.7,165.4,226.2,162.1,2003-05-01
203.7,167.2,163.9,227.3,163.4,2003-06-01
204.5,168.2,164.7,226.6,162.7,2003-07-01
204.5,169.7,167.5,224.9,163.2,2003-08-01
203.5,171.1,170.3,224.4,163.1,2003-09-01
203.1,174.0,171.8,226.3,163.0,2003-10-01
202.5,179.3,171.2,227.5,162.0,2003-11-01
202.9,181.1,173.0,232.4,163.0,2003-12-01
203.9,179.9,172.4,232.4,162.8,2004-01-01
204.4,179.7,172.1,229.7,163.7,2004-02-01
204.8,179.5,171.9,230.1,165.1,2004-03-01
205.5,179.2,174.0,228.3,165.0,2004-04-01
206.1,181.1,185.9,231.7,165.4,2004-05-01
206.8,182.3,188.8,226.7,165.8,2004-06-01
207.2,183.7,187.7,224.5,166.0,2004-07-01
207.2,183.7,184.9,224.0,166.2,2004-08-01
206.4,183.4,181.6,226.0,165.2,2004-09-01
207.0,182.9,182.1,240.0,165.4,2004-10-01
206.8,182.4,180.9,248.3,164.4,2004-11-01
206.4,183.1,180.1,250.8,163.6,2004-12-01
207.6,183.4,183.3,242.9,165.6,2005-01-01
208.4,183.9,181.8,234.8,165.3,2005-02-01
208.5,184.3,181.4,233.7,165.7,2005-03-01
209.1,184.7,182.2,240.1,167.5,2005-04-01
209.7,185.0,183.3,244.7,166.3,2005-05-01
209.4,185.2,181.0,238.4,166.9,2005-06-01
209.4,184.7,181.6,240.3,167.6,2005-07-01
210.1,184.4,182.9,236.6,167.7,2005-08-01
208.3,185.2,181.8,240.8,167.7,2005-09-01
209.4,184.6,182.6,245.7,168.3,2005-10-01
209.1,185.8,183.5,246.4,167.3,2005-11-01
208.4,185.7,183.2,252.3,167.6,2005-12-01
210.6,185.8,183.7,258.5,169.1,2006-01-01
210.3,185.4,183.4,253.4,169.1,2006-02-01
210.9,185.9,183.0,248.5,169.2,2006-03-01
210.9,185.5,181.3,246.6,168.8,2006-04-01
211.9,184.7,181.0,248.0,170.0,2006-05-01
212.8,186.0,179.6,248.0,170.0,2006-06-01
214.6,185.1,180.8,249.1,171.0,2006-07-01
214.6,187.1,180.0,249.2,170.6,2006-08-01
213.6,188.0,179.9,258.2,169.8,2006-09-01
214.6,188.1,182.0,261.6,170.1,2006-10-01
214.5,188.4,180.6,256.8,169.2,2006-11-01
214.8,188.6,181.0,257.2,168.7,2006-12-01
216.276,189.609,183.453,262.949,170.878,2007-01-01
219.041,190.491,183.779,268.565,171.483,2007-02-01
218.458,192.508,185.724,263.91,171.819,2007-03-01
220.494,193.665,185.821,261.967,172.633,2007-04-01
220.939,195.886,187.266,264.71,172.657,2007-05-01
222.605,197.175,191.435,258.337,173.79,2007-06-01
223.297,196.69,197.899,254.616,174.44,2007-07-01
223.981,197.204,201.739,252.845,174.686,2007-08-01
223.372,198.323,203.541,259.1,174.201,2007-09-01
224.691,198.474,205.319,263.648,174.695,2007-10-01
225.668,198.616,205.959,268.407,173.963,2007-11-01
226.461,198.755,205.299,272.482,174.057,2007-12-01
228.661,200.035,206.905,279.072,176.085,2008-01-01
233.389,199.688,208.166,272.129,177.863,2008-02-01
236.261,199.775,206.171,268.446,178.238,2008-03-01
240.034,200.77,207.68,272.746,181.806,2008-04-01
244.192,200.96,207.778,276.481,182.68,2008-05-01
245.758,202.914,209.117,277.957,183.804,2008-06-01
250.321,205.075,213.981,280.209,185.725,2008-07-01
250.08,207.488,214.748,283.296,186.991,2008-08-01
250.924,209.937,213.533,285.986,187.944,2008-09-01
252.832,210.706,212.733,285.484,189.348,2008-10-01
252.723,209.602,213.102,283.677,189.301,2008-11-01
253.063,208.89,210.838,281.706,190.203,2008-12-01
254.445,208.616,209.632,282.601,192.492,2009-01-01
254.187,207.963,204.537,278.721,192.404,2009-02-01
253.698,206.348,199.687,274.759,192.234,2009-03-01
252.709,205.699,197.124,274.297,191.352,2009-04-01
252.714,203.789,196.055,274.006,191.144,2009-05-01
253.008,204.031,194.197,272.608,191.328,2009-06-01
253.391,201.743,193.118,270.94,190.967,2009-07-01
252.382,202.911,192.381,267.309,191.317,2009-08-01
251.231,201.755,193.353,267.609,190.571,2009-09-01
251.421,200.597,195.36,269.467,191.266,2009-10-01
250.6,201.202,193.914,269.832,189.64,2009-11-01
251.019,201.003,194.792,273.189,189.921,2009-12-01
250.725,201.87,198.949,279.119,190.994,2010-01-01
251.361,202.343,198.8,274.963,191.572,2010-02-01
250.93,202.812,198.814,280.431,190.991,2010-03-01
250.425,205.178,197.308,279.272,191.017,2010-04-01
251.269,205.679,197.749,277.887,191.461,2010-05-01
250.26,208.171,197.947,271.907,191.001,2010-06-01
250.172,208.989,198.991,265.967,191.529,2010-07-01
249.736,208.854,198.712,265.914,192.026,2010-08-01
250.085,211.28,199.042,268.832,191.289,2010-09-01
249.89,212.17,201.291,270.2,191.311,2010-10-01
249.944,212.957,201.277,269.917,190.152,2010-11-01
250.592,212.019,202.056,277.089,190.147,2010-12-01
253.349,214.344,202.349,285.619,191.468,2011-01-01
254.238,216.175,203.51,286.766,193.055,2011-02-01
255.482,218.808,206.161,290.279,194.747,2011-03-01
255.956,220.747,209.707,286.501,195.239,2011-04-01
259.14,223.227,211.327,284.174,196.161,2011-05-01
260.563,223.105,212.286,280.721,197.27,2011-06-01
260.921,224.394,214.781,282.018,198.152,2011-07-01
262.97,225.651,216.72,282.579,200.054,2011-08-01
264.135,227.194,219.381,286.865,200.347,2011-09-01
265.433,227.853,219.493,284.269,201.315,2011-10-01
265.552,227.583,218.767,282.605,199.924,2011-11-01
265.997,228.853,218.458,283.55,200.566,2011-12-01
266.677,229.809,220.492,285.437,202.756,2012-01-01
267.821,228.61,219.377,281.072,204.001,2012-02-01
267.101,230.485,219.131,279.057,204.574,2012-03-01
268.014,230.967,216.918,281.648,204.864,2012-04-01
268.653,229.351,216.096,283.149,205.554,2012-05-01
267.321,230.464,215.485,283.679,205.313,2012-06-01
268.449,231.309,214.434,280.173,205.508,2012-07-01
267.794,232.475,214.549,280.672,205.864,2012-08-01
266.655,231.555,215.311,282.092,205.266,2012-09-01
267.828,232.917,217.083,284.065,205.267,2012-10-01
267.817,232.303,218.921,284.367,204.531,2012-11-01
268.057,232.262,219.443,288.516,204.626,2012-12-01
269.078,232.461,220.319,293.714,205.387,2013-01-01
269.304,233.041,219.526,293.742,204.763,2013-02-01
269.504,233.294,218.123,291.284,205.264,2013-03-01
271.388,234.32,218.141,287.545,206.177,2013-04-01
271.041,233.724,216.327,289.236,205.498,2013-05-01
271.716,235.277,216.062,286.643,205.789,2013-06-01
271.279,235.859,215.92,287.773,205.872,2013-07-01
271.285,237.494,216.791,290.779,204.223,2013-08-01
270.894,238.37,217.007,290.58,203.941,2013-09-01
270.303,239.834,216.596,291.767,203.685,2013-10-01
269.75,238.761,217.463,289.195,203.422,2013-11-01
269.267,239.102,218.376,288.136,203.72,2013-12-01
271.151,240.158,219.362,292.095,204.575,2014-01-01
270.583,242.386,220.861,292.54,205.554,2014-02-01
270.66,245.301,223.063,292.944,205.366,2014-03-01
271.005,249.29,224.171,294.509,205.091,2014-04-01
271.362,251.825,225.491,298.626,205.866,2014-05-01
270.86,252.865,224.522,295.139,205.996,2014-06-01
271.993,253.767,225.14,293.535,207.39,2014-07-01
272.108,258.416,226.39,291.169,207.271,2014-08-01
270.66,260.805,227.604,293.282,207.287,2014-09-01
271.313,259.84,228.831,297.528,206.46,2014-10-01
270.344,260.457,228.412,293.978,206.21,2014-11-01
270.635,261.055,229.87,297.429,206.831,2014-12-01
273.589,260.982,227.8,298.781,207.218,2015-01-01
273.052,260.863,225.535,295.686,208.954,2015-02-01
273.812,260.077,224.449,289.858,208.463,2015-03-01
273.366,258.991,222.691,290.178,208.648,2015-04-01
273.595,257.106,221.039,293.011,209.272,2015-05-01
274.479,261.189,219.696,288.968,209.787,2015-06-01
275.526,261.639,221.443,287.816,210.251,2015-07-01
274.968,263.601,220.716,291.344,209.892,2015-08-01
273.53,263.227,222.31,295.394,210.659,2015-09-01
275.753,261.568,221.874,297.931,210.636,2015-10-01
273.752,259.141,220.613,298.037,209.315,2015-11-01
273.245,255.298,220.848,299.078,208.915,2015-12-01
274.58,251.783,220.869,306.796,208.81,2016-01-01
274.801,251.29,219.732,306.778,209.385,2016-02-01
273.162,250.837,218.131,298.162,209.743,2016-03-01
273.924,250.839,218.315,296.217,211.009,2016-04-01
273.074,248.989,216.122,295.974,210.28,2016-05-01
273.379,248.016,214.815,292.733,210.392,2016-06-01
273.418,246.875,214.605,291.96,210.486,2016-07-01
273.104,246.547,215.506,292.156,209.761,2016-08-01
272.089,246.642,216.693,293.423,209.426,2016-09-01
272.502,244.77,218.183,295.616,208.985,2016-10-01
271.896,243.633,216.773,293.554,207.703,2016-11-01
271.374,241.612,217.929,291.957,208.301,2016-12-01
272.922,242.596,219.804,291.679,208.804,2017-01-01
271.708,243.057,220.552,292.222,208.914,2017-02-01
272.174,244.306,218.567,292.932,210.002,2017-03-01
271.865,243.33,217.827,298.164,210.668,2017-04-01
272.445,243.815,217.015,298.47,210.63,2017-05-01
272.429,245.756,215.192,294.788,210.119,2017-06-01
271.95,247.761,216.434,294.935,210.624,2017-07-01
272.544,247.985,216.537,295.009,209.905,2017-08-01
271.75,247.613,216.564,297.047,210.159,2017-09-01
270.858,248.413,217.17,299.7,209.528,2017-10-01
269.646,247.027,216.878,296.791,209.624,2017-11-01
269.847,248.42,216.916,296.476,209.401,2017-12-01
272.273,247.284,217.897,301.814,209.611,2018-01-01
271.245,247.095,216.412,298.503,210.115,2018-02-01
272.345,249.516,216.497,293.87,210.012,2018-03-01
271.766,251.922,216.906,296.863,210.632,2018-04-01
271.91,249.449,215.659,297.211,210.159,2018-05-01
273.682,248.609,216.126,295.523,210.259,2018-06-01
273.258,250.042,215.622,297.632,210.736,2018-07-01
273.338,250.743,216.435,297.644,210.158,2018-08-01
273.729,248.876,216.638,298.432,210.59,2018-09-01
272.26,247.966,216.8,298.531,210.224,2018-10-01
273.24,247.954,215.896,296.362,210.407,2018-11-01
274.321,247.327,216.652,301.134,209.739,2018-12-01
275.05,248.169,217.079,304.605,210.006,2019-01-01
275.996,248.597,216.595,304.621,211.168,2019-02-01
277.275,249.062,217.531,305.399,211.55,2019-03-01
276.64,249.203,217.51,303.503,211.078,2019-04-01
277.795,250.356,217.841,302.352,210.815,2019-05-01
276.891,249.231,217.433,298.611,212.056,2019-06-01
277.49,250.033,217.626,299.35,210.941,2019-07-01
276.619,249.277,218.758,298.6,210.841,2019-08-01
277.308,249.74,219.771,297.309,211.49,2019-09-01
276.47,250.592,220.738,301.318,211.492,2019-10-01
276.166,250.491,221.515,297.472,211.25,2019-11-01
275.036,252.893,221.924,297.105,210.432,2019-12-01
275.916,252.905,223.035,301.679,210.763,2020-01-01
276.641,253.396,224.443,299.817,213.215,2020-02-01
277.646,254.724,225.627,299.641,214.565,2020-03-01
285.16,266.263,228.755,304.809,219.233,2020-04-01
284.937,275.405,230.166,306.798,218.988,2020-05-01
286.092,281.139,228.437,305.393,219.311,2020-06-01
285.204,271.028,227.114,306.123,219.254,2020-07-01
284.472,266.969,231.231,306.754,219.607,2020-08-01
284.416,265.386,230.656,306.249,218.358,2020-09-01
284.74,265.796,229.155,309.071,218.758,2020-10-01
282.782,265.307,229.503,306.311,217.31,2020-11-01
283.735,264.475,231.74,306.506,218.534,2020-12-01
282.911,265.922,231.546,309.954,217.824,2021-01-01
284.095,266.606,230.452,309.993,219.11,2021-02-01
284.746,268.457,229.249,311.168,219.263,2021-03-01
285.377,271.459,230.17,314.973,220.143,2021-04-01
286.649,275.776,230.38,315.748,219.664,2021-05-01
286.761,282.993,230.152,315.211,220.221,2021-06-01
289.533,286.994,231.233,312.875,222.116,2021-07-01
288.99,288.367,230.145,313.672,222.863,2021-08-01
292.069,293.217,231.973,315.428,225.141,2021-09-01
294.625,297.377,233.168,318.316,227.701,2021-10-01
295.909,299.228,233.157,318.436,229.643,2021-11-01
297.279,297.604,235.442,321.931,230.809,2021-12-01
302.242,298.441,238.675,327.451,233.956,2022-01-01
306.193,301.24,242.386,333.675,237.143,2022-02-01
311.606,305.116,245.258,337.503,241.804,2022-03-01
314.787,310.399,251.03,339.385,244.282,2022-04-01
319.93,314.929,257.678,341.594,247.3,2022-05-01
326.378,316.11,261.255,340.594,252.015,2022-06-01
332.968,318.141,265.638,341.839,257.295,2022-07-01
336.399,318.867,267.461,343.221,259.976,2022-08-01
339.336,319.486,268.793,348.173,260.58,2022-09-01
341.492,321.271,269.355,348.021,262.814,2022-10-01
344.393,319.444,271.307,349.462,261.583,2022-11-01
345.029,320.455,271.376,349.134,262.985,2022-12-01
349.294,322.737,272.04,351.029,264.746,2023-01-01
350.772,321.803,272.271,351.249,266.612,2023-02-01
353.866,318.306,271.384,345.814,268.567,2023-03-01
353.742,318.996,271.102,346.269,269.657,2023-04-01
354.195,315.968,269.573,350.986,269.999,2023-05-01
355.074,315.561,268.338,350.724,269.995,2023-06-01
356.377,317.445,269.143,351.646,271.276,2023-07-01
356.563,318.944,268.281,350.428,271.648,2023-08-01
355.576,320.14,268.377,351.02,271.561,2023-09-01
355.752,322.536,268.326,351.952,272.215,2023-10-01
